{
  "comments": [
    {
      "id": 1,
      "name": "Алеша Пешков",
      "comment": "Над седой равниной моря ветер тучи собирает. Между тучами и морем гордо реет Буревестник, черной молнии подобный. То крылом волны касаясь, то стрелой взмывая к тучам, он кричит, и — тучи слышат радость в смелом крике птицы. В этом крике — жажда бури! Силу гнева, пламя страсти и уверенность в победе слышат тучи в этом крике. Чайки стонут перед бурей, — стонут, мечутся над морем и на дно его готовы спрятать ужас свой пред бурей. И гагары тоже стонут, — им, гагарам, недоступно наслажденье битвой жизни: гром ударов их пугает. Глупый пингвин робко прячет тело жирное в утесах… Только гордый Буревестник реет смело и свободно над седым от пены морем! Все мрачней и ниже тучи опускаются над морем, и поют, и рвутся волны к высоте навстречу грому. Гром грохочет. В пене гнева стонут волны, с ветром споря. Вот охватывает ветер стаи волн объятьем крепким и бросает их с размаху в дикой злобе на утесы, разбивая в пыль и брызги изумрудные громады.",
      "date": "01-03-1901",
      "time": "24:00:00",
      "like": true
    },
    {
      "id": 2,
      "name": "Володя Маяковский",
      "comment": "Хотите — буду от мяса бешеный — и, как небо, меняя тона — хотите — буду безукоризненно нежный, не мужчина, а — облако в штанах!",
      "date": "01-04-1915",
      "time": "02:12:01",
      "like": true
    }
  ]
}